cosmetic-cape-embroidered|Capa bordada|800|3|cloak|folded charcoal wool cape with restrained bronze embroidered forest border and simple clasp|cloth|A capa bordada chama atenção pelo detalhe. Evite apresentar a borda a uma fogueira.
cosmetic-cape-rain|Capa encerada|650|4|cloak|folded dark olive waxed travel cape with simple practical hood and leather clasp|cloth|A capa encerada nasceu para a estrada. Pendure para secar antes de guardar o barro junto.
cosmetic-cape-velvet|Capa de veludo|1200|3|cloak|folded deep burgundy velvet cape with understated silver clasp, no armor motifs|cloth|Veludo macio para uma chegada bonita. A chuva costuma ser uma crítica severa.
cosmetic-necklace-pearl|Colar de pérolas|900|0.2|neck|complete strand of small cream pearls with simple silver clasp, no pendant|glass|Pérolas claras e fecho firme. Confira o fecho antes da primeira dança.
cosmetic-necklace-leaf|Colar de folha|350|0.15|neck|small aged bronze leaf pendant on a continuous fine leather cord|metal|Uma folha em bronze. Leva um pouco de bosque sem levar os insetos.
cosmetic-necklace-garnet|Colar de granada|850|0.2|neck|small garnet-red gemstone pendant in a simple silver bezel on fine silver chain|metal|Granada bem lapidada. Um brilho discreto também sabe participar da conversa.
cosmetic-tiara-silver|Tiara de prata|1400|0.2|head|slender plain hammered silver circlet with understated geometric relief, no armor rivets|metal|Tiara de prata. A postura continua valendo mais que a altura do adorno.
cosmetic-tiara-flowers|Tiara de flores secas|200|0.1|head|delicate circlet woven from natural dried flowers and brown twigs, no metal|cloth|Flores secas num círculo delicado. Guarde longe das botas molhadas.
cosmetic-tiara-moon|Tiara da lua|1600|0.2|head|thin dark silver circlet with one modest crescent moon and tiny pale blue stone|metal|A tiara da lua tem nome bonito. O luar verdadeiro ainda depende da noite.
cosmetic-gloves-suede|Luvas de camurça|300|0.4|hands|pair of soft natural brown suede gloves with fine simple stitches and no plates|leather|Camurça macia. Tire as luvas antes de procurar carvão na lareira.
cosmetic-gloves-lace|Luvas de renda|450|0.2|hands|pair of delicate ivory lace gloves with anatomically coherent five finger shapes, no hands inside|cloth|Luvas de renda. Lindas para a recepção, menos animadas para o arbusto espinhoso.
cosmetic-gloves-velvet|Luvas de veludo|550|0.3|hands|pair of dark burgundy velvet gloves with five coherent fingers each and simple folded cuffs|cloth|Veludo nas mãos. Uma caneca limpa combina melhor que graxa de carroça.
cosmetic-boots-riding|Botas altas de passeio|600|3|feet|pair of tall simple dark brown leather riding boots, coherent heels and soles, no magic wings|leather|Botas altas de passeio. A boa impressão fica ainda melhor sem a poça da entrada.
cosmetic-boots-fur|Botas forradas|500|3|feet|pair of dark gray leather boots with modest natural cream fur lining and sturdy coherent soles|leather|Botas forradas. Seu pé gosta de conforto, mesmo que o aventureiro finja não ligar.
cosmetic-boots-court|Botas de corte|850|2|feet|pair of elegant midnight blue leather ankle boots with modest silver buckles and coherent soles|leather|Botas de corte. O salto é discreto; a reverência precisa vir de você.
