1|Armadura de adamante|Transforma acertos críticos sofridos em acertos normais.|dark adamantine medieval breastplate with articulated shoulder pieces|Adamante firme. Meu ferreiro tentou fazer uma amostra e pediu um martelo novo.
2|Munição mágica|Bônus de +1, +2 ou +3 nas jogadas de ataque e dano; perde a magia após acertar.|bundle of ten finely crafted steel tipped magical arrows with subtle blue etching|A munição mágica ajuda o disparo. Ainda vale a pena mirar.
3|Munição exterminadora|Munição destinada a um tipo de criatura; causa dano de força adicional nas condições do SRD.|single dark steel arrow with barbed silver point and restrained ruby inset|Esta munição foi feita para um alvo específico. Confira o nome antes de puxar a corda.
4|Amuleto da saúde|A Constituição passa a 19 enquanto usado, se já não for maior.|bronze heart-shaped health amulet with red agate on leather cord|Um amuleto da saúde. A sobremesa continua sendo uma decisão sua.
5|Amuleto contra detecção e localização|Impede ser alvo de adivinhação ou percebido por observação mágica sem consentimento.|silver amulet shaped like closed eye with smoky black stone|Um amuleto para quem prefere não aparecer nas consultas alheias. O sino da porta ainda funciona.
6|Amuleto dos planos|Permite viajar entre planos, com risco de destino aleatório ao falhar no teste.|bronze geometric planar compass pendant with swirling violet central gem|Planos distantes ao alcance. Escreva o endereço com cuidado: devolver uma encomenda dessas é complicado.
7|Escudo animado|Pode pairar e proteger por um minuto, liberando as mãos.|steel kite shield with floating subtle blue runic edge and lion engraving|O escudo animado trabalha sem segurar sua mão. Não espere que carregue as compras também.
8|Aparato do caranguejo|Barril de ferro que se transforma em aparelho mecânico para dois ocupantes.|complete compact bronze crab-shaped mechanical submersible with two claws and coherent articulated legs, no occupant|Um caranguejo de ferro para dois. A conversa sobre quem dirige deve acontecer antes de fechar a tampa.
9|Armadura mágica|Concede bônus de +1, +2 ou +3 à CA enquanto usada.|finely forged medieval steel breastplate with faint cool etched runes|A armadura mágica oferece proteção extra. A cautela ainda custa menos.
10|Armadura da invulnerabilidade|Resistência a dano contundente, perfurante e cortante; pode conceder imunidade temporária.|massive full medieval steel plate suit with subtly glowing bronze protective sigils, no mannequin|Invulnerabilidade no nome merece leitura cuidadosa. Não aceite desafios só para verificar.
11|Armadura de resistência|Concede resistência ao tipo de dano definido para a peça.|steel medieval breastplate inset with small gem representing elemental resistance|Resistência bem escolhida. O fogo e o gelo não costumam avisar qual chega primeiro.
12|Armadura da vulnerabilidade|Armadura amaldiçoada: protege contra um tipo físico e torna vulnerável aos outros dois.|dark medieval steel armor with restrained red fissure motifs|Armadura de vulnerabilidade. Pela primeira vez o nome do produto explica a letra pequena.
13|Escudo apanha-flechas|Melhora a CA contra ataques à distância e pode atrair ataques destinados a aliados.|round steel shield with central target-like arrow motifs and reinforced rim|Escudo apanha-flechas. Um favor aos amigos que exige muita confiança no braço.
14|Bolsa de feijões|Feijões mágicos produzem efeitos imprevisíveis quando plantados ou retirados conforme o SRD.|heavy small cloth pouch open to reveal a handful of colorful dry magical beans|Feijões mágicos. Plantar no jardim pode mudar bastante a definição de jardim.
15|Bolsa devoradora|Parece uma bolsa comum, mas é uma abertura para uma criatura extraplanar.|dark leather drawstring bag with unnaturally deep opening, no visible gore|Bolsa devoradora. Conferir o fundo com a mão é justamente a ideia que eu evitaria.
16|Bolsa de carga|Armazenamento extradimensional com capacidade e limites próprios.|brown leather bag of holding with bronze clasps|Uma bolsa maior por dentro. O inventário bagunçado continua sendo maior por dentro também.
17|Bolsa de truques|Três objetos felpudos por dia podem transformar-se em criaturas; a tabela depende da cor.|small gray cloth drawstring bag with a fuzzy ball partly visible at opening|Bolsa de truques. Quem abrir pode ganhar companhia antes de ganhar uma resposta.
18|Conta de força|Esfera arremessável que causa dano de força e pode prender criaturas numa esfera temporária.|small polished black force bead with faint contained violet glow|Uma conta de força. Pequena demais para intimidar, grande o bastante para surpreender.
19|Conta de nutrição|Uma conta consumida fornece nutrição equivalente a um dia de rações.|one translucent golden gelatinous nourishment bead|A conta de nutrição economiza comida na mochila. O prazer do jantar ficou fora do encantamento.
20|Cinto dos anões|Melhora Constituição e oferece benefícios ligados a anões e resistência a veneno.|thick dark leather dwarven belt with square bronze geometric buckle|Cinto dos anões. A barba pode gostar tanto quanto o seu estômago.
21|Cinto de força de gigante|A Força assume o valor da variante de gigante, se não for naturalmente maior.|broad heavy leather belt with giant-sized carved metal buckle and earthy gemstone|Força de gigante no cinto. A porta da cozinha ainda tem tamanho normal.
22|Machado do berserker|Machado +1 amaldiçoado, ligado ao portador e capaz de provocar fúria descontrolada.|single bladed brutal dark steel battleaxe, continuous straight shaft, subtle red rune at socket|Machado do berserker. O aviso sobre a maldição merece uma leitura antes da empolgação.
23|Botas élficas|Silenciam passos e favorecem movimentos furtivos nas condições do SRD.|soft elven leather boots|Botas élficas. O silêncio dos pés não resolve a conversa alta do seu companheiro.
24|Botas de levitação|Permitem conjurar Levitação em si mesmo.|pair of supple gray leather boots with subtle silver feather clasps|Botas de levitação. Chegar ao alto é ótimo; planejar a descida também.
25|Botas de velocidade|Duplicam deslocamento e dificultam ataques de oportunidade enquanto ativadas.|pair of dark leather speed boots with silver winglike heel accents|Botas de velocidade. O atraso chega mais depressa, caso você escolha a direção errada.
26|Botas de caminhar e saltar|Melhoram deslocamento limitado e capacidade de salto conforme o SRD.|pair of sturdy brown springing boots with reinforced flexible soles|Estas botas gostam de saltos. O teto baixo da loja não compartilha o entusiasmo.
27|Botas das terras geladas|Protegem do frio e facilitam caminhar em gelo e neve.|pair of fur-lined winter leather boots with sturdy soles and restrained icy blue trim|Botas das terras geladas. O pé agradece antes mesmo do primeiro monte de neve.
28|Tigela de comandar elementais da água|Permite conjurar um elemental da água quando preenchida e ativada.|wide blue glazed ritual bowl with subtle silver water motifs and clear water inside|A tigela chama companhia aquática. Use água limpa e espaço suficiente.
29|Braçadeiras do arqueiro|Concedem proficiência em arcos e bônus ao dano com arcos elegíveis.|pair of leather archer bracers with silver arrow motifs|Braçadeiras do arqueiro. A corda ainda precisa encontrar os dedos certos.
30|Braçadeiras de defesa|Concedem +2 à CA sem armadura nem escudo.|pair of dark bronze protective bracers engraved with simple interlocking circles|Braçadeiras de defesa. Leia a condição sobre armadura antes de vestir o conjunto inteiro.
31|Braseiro de comandar elementais do fogo|Permite conjurar um elemental do fogo quando aceso e ativado.|small brass ritual brazier with restrained glowing coals and flame, no floor|O braseiro chama fogo que escuta ordens. Tenha as ordens prontas.
32|Broche de proteção|Resistência a dano de força e proteção contra Mísseis Mágicos.|silver shield-shaped brooch with tiny blue gemstone|Um broche contra certos argumentos mágicos. Para insultos, recomendo paciência.
33|Vassoura voadora|Pode transportar o portador pelo ar conforme seus limites de carga.|complete wooden flying broom with tied natural bristles and faint restrained magic|Vassoura voadora. Varre o chão apenas se você quiser atrapalhar uma ótima viagem.
34|Vela de invocação|Vela sagrada de duração limitada, com benefícios que dependem do alinhamento.|thick ivory ritual candle in small ornate bronze holder with gentle flame|A vela de invocação queima por tempo limitado. Faça o pedido antes da conversa longa.
35|Capa do saltimbanco|Permite conjurar Porta Dimensional uma vez por dia.|deep burgundy hoodless short cloak with silver clasp, laid naturally folded|Capa do saltimbanco. Uma saída dramática fica mais fácil; voltar para pagar continua necessário.
36|Tapete voador|Tapete que voa e carrega passageiros; tamanho define carga e velocidade.|fully visible small ornate woven flying carpet, gently curved, burgundy and bronze patterns|Tapete voador. Não deixe a bagagem dominar a questão do peso.
37|Incensário de controlar elementais do ar|Permite conjurar um elemental do ar quando o incenso está aceso.|ornate silver hanging censer with three coherent chains and a tiny wisp of smoke|Incensário de ar. Abra espaço para o convidado antes de espalhar o perfume.
38|Carrilhão de abertura|Abre fechaduras e mecanismos elegíveis; dez usos.|small hollow silver opening chime with delicate striker and loop|O carrilhão abre portas. As dez notas úteis merecem escolha cuidadosa.
39|Diadema de explosão|Permite conjurar Raio Ardente uma vez por dia.|slender bronze circlet with one warm ruby at center|Diadema de explosão. Uma joia bonita, desde que ninguém peça uma demonstração dentro da loja.
40|Manto da aranha|Benefícios de escalada e proteção ligados a aranhas e teias.|dark gray cloak with subtle silver web embroidery, naturally folded|O manto da aranha combina com paredes. Eu ainda prefiro a porta.
41|Manto do deslocamento|Cria uma ilusão do portador que dificulta ataques nas condições do SRD.|dark shimmering displacement cloak|O manto do deslocamento deixa os outros em dúvida. A dívida ainda encontra o dono.
42|Manto élfico|Capuz e tecido favorecem esconder-se e dificultam ser percebido.|muted moss-gray hooded elven cloak with restrained leaf clasp|O manto élfico ajuda a desaparecer. Apareça de novo na hora de pagar.
43|Manto da invisibilidade|Torna invisível enquanto coberto; duração e recarga limitadas.|soft charcoal hooded cloak with subtle translucent-looking folds, solid fabric silhouette|Manto da invisibilidade. Pisar em poça continua sendo uma apresentação bastante clara.
44|Manto de proteção|Concede +1 à CA e às resistências.|blue gray protection cloak|Um manto de proteção. Vale mais no perigo do que no cabide.
45|Manto do morcego|Ajuda em furtividade e permite voo ou transformação em condições de pouca luz.|dark wing-shaped hooded bat cloak folded with clear cloth structure|O manto do morcego prefere a sombra. O sol não se impressiona com a pose.
46|Manto da arraia|Respiração e deslocamento aquáticos com o capuz levantado.|deep blue manta-ray inspired hooded cloth cloak with silver water clasp|Manto da arraia. A água fica mais convidativa; as criaturas lá dentro continuam independentes.
47|Bola de cristal|Permite conjurar Vidência; versões especiais têm poderes adicionais.|clear crystal scrying sphere on aged brass pedestal|Bola de cristal. Olhe com cuidado; nem toda visita gosta de ser observada.
48|Bola de cristal da leitura mental|Bola de vidência com leitura mental do alvo nas condições do SRD.|violet crystal sphere on bronze stand with eye-shaped ornament|Esta bola lê pensamentos. Às vezes a ignorância era o presente melhor.
49|Bola de cristal da telepatia|Bola de vidência com comunicação telepática e poderes adicionais.|blue crystal sphere on silver stand with fine paired crescent motifs|Telepatia pela bola de cristal. A distância acabou; a educação ainda faz falta.
50|Bola de cristal da visão verdadeira|Concede visão verdadeira pelo sensor de vidência.|clear golden crystal sphere on bronze tripod with sunburst motifs|Visão verdadeira não garante uma história agradável. Apenas uma história menos disfarçada.
51|Cubo de força|Cria barreiras selecionáveis de força consumindo cargas.|small bronze cube with six clearly defined sides and inset geometric gems|Cubo de força. Selecione a face certa antes de descobrir o que ficou do lado de fora.
52|Portão cúbico|As seis faces ligam planos diferentes por poderes mágicos.|small polished stone cube with six bronze framed planar sigils|Portão cúbico, seis destinos. A orientação merece mais que um palpite.
53|Adaga de veneno|Adaga +1 que pode produzir veneno uma vez por dia.|steel dagger with continuous tang and dark green gem in pommel|Adaga de veneno. A lâmina e o pano de limpeza merecem destinos diferentes.
54|Espada dançarina|Espada que flutua e ataca sob comando por tempo limitado.|elegant steel longsword with subtle swirling blue rune, no hands|Espada dançarina. O passo mais importante é manter distância do fio.
55|Decantador de água infinita|Produz água doce ou salgada em diferentes vazões.|ornate bronze capped ceramic decanter with subtle blue water motifs|Água infinita exige um lugar para onde ela possa ir. O meu tapete não é esse lugar.
56|Baralho de ilusões|Cartas criam ilusões de criaturas; cada carta perde a magia após uso.|small fan of medieval cards depicting fantasy creatures, no letters or readable numbers|Baralho de ilusões. A criatura parece convincente; mantenha o truque em segredo.
57|Defensora|Arma +3 capaz de transferir seu bônus de ataque para a CA.|steel longsword with reinforced silver guard and quiet protective blue glyphs|A Defensora troca ataque por proteção. Uma boa decisão depende de quem vem na sua direção.
58|Armadura demoníaca|Armadura +1 amaldiçoada, com garras e benefícios e riscos ligados a ínferos.|dark medieval plate armor with intimidating clawed gauntlets and subtle crimson motifs|Armadura demoníaca. O contrato é o próprio aviso sobre a maldição.
59|Algemas dimensionais|Impedem viagem extradimensional do alvo preso.|pair of heavy dark metal shackles connected by coherent short chain with violet inlays|Algemas dimensionais. Um truque de fuga a menos não significa falta de imaginação.
60|Orbe do dragão|Artefato ligado a dragões e poderes mágicos próprios.|ornate dragon orb with glowing sphere|Orbe do dragão. Esse merece uma história longa antes de qualquer acordo.
61|Cota de escamas de dragão|Armadura com proteção e poderes ligados ao dragão de origem.|medieval torso armor made from overlapping bronze dragon scales on dark leather|Escamas de dragão. Perguntar como foram obtidas costuma alongar a conversa.
62|Matadora de dragões|Arma +1 com dano adicional contra dragões.|steel longsword with dragon-head guard and a restrained red jewel|Matadora de dragões. O nome não dispensa um plano nem um grupo de amigos.
63|Pó do desaparecimento|Pó que torna invisíveis temporariamente criaturas e objetos próximos.|small open pouch of fine silver invisibility dust with a restrained sparkle|Pó do desaparecimento. Quando acabar o efeito, tente estar num lugar melhor.
64|Pó da secura|Absorve água e a compacta em pequenas bolotas liberáveis.|small corked jar of pale dry sand beside one compact marble-like pellet|Pó da secura. A bolota cabe no bolso; a água que ela guarda talvez não caiba no quarto.
65|Pó de espirrar e engasgar|Pó amaldiçoado que pode incapacitar criaturas por espirros e sufocamento.|small closed tin of ochre sneeze dust with a few grains at rim|Pó de espirrar. Cheirar a mercadoria seria uma avaliação muito infeliz.
66|Placas anãs|Armadura de placas +2 que também reduz deslocamento forçado.|heavy dwarven full steel plate armor with compact geometric bronze trim|Placas anãs. A estabilidade é ótima; o chão ainda deve estar onde você o espera.
67|Arremessador anão|Martelo de guerra +3 que retorna após arremesso, com benefícios próprios para anão.|dwarven steel warhammer with squared geometric head and straight continuous haft|O arremessador anão volta. Mantenha a mão pronta para a parte feliz do retorno.
68|Aljava eficiente|Armazena flechas, armas e objetos compridos em espaços extradimensionais separados.|brown leather multi-compartment magical quiver with three clear openings|Aljava eficiente. Ela organiza o espaço; você ainda precisa organizar a escolha.
69|Garrafa do efreeti|Garrafa que pode libertar um efreeti com resultados distintos.|sealed ornate brass bottle with red gemstone stopper and flame motifs|Garrafa do efreeti. A rolha merece mais consideração que a curiosidade.
70|Gema elemental|Ao ser rompida, conjura um elemental da variante apropriada.|faceted blue sapphire elemental gem with restrained contained swirling water light|Gema elemental. Quebrá-la é uma decisão, não um acidente que eu recomende.
71|Elixir da saúde|Remove condições e efeitos de saúde especificados, incluindo envenenamento.|clear blue elixir in tall glass vial with silver cap|Elixir da saúde. O gosto não precisa ser bonito para a notícia ser boa.
72|Malha élfica|Camisão de malha +1, com treinamento concedido enquanto usado.|fine silver elven chain shirt with subtle woven leaf collar|Malha élfica, trabalho delicado. Cada elo parece ter recebido uma conversa própria.
73|Arco de energia|Arco que produz flechas mágicas de energia e tem propriedades especiais.|coherent complete fantasy longbow with taut luminous string and restrained blue energy arrow|Arco de energia. A flecha aparece; a pontaria não vem na mesma embalagem.
74|Garrafa de fumaça infinita|Libera nuvem de fumaça enquanto aberta, conforme o SRD.|dark brass stoppered smoke bottle with a restrained wisp at closed neck|Fumaça infinita. Combine a abertura com quem pretende enxergar a saída.
75|Olhos do encantamento|Lentes com cargas que permitem encantar humanoides.|pair of small rose tinted crystal eyepiece lenses in fine silver frames|Olhos do encantamento. Uma boa conversa continua útil quando as cargas acabam.
76|Olhos da visão minuciosa|Lentes que ampliam detalhes próximos e auxiliam investigação.|pair of tiny clear magnifying crystal lenses in brass rims|Visão minuciosa. O detalhe escondido fica menor só na desculpa.
77|Olhos da águia|Lentes que favorecem percepção visual e enxergar detalhes à distância.|pair of golden amber lenses in thin bronze frames with subtle feather detail|Olhos da águia. O horizonte não está longe para quem olha bem.
78|Talismã de pena|Pena de uso único cujo efeito depende da variante.|one finely detailed silver and gold feather token with a tiny anchor charm|Talismã de pena. Leve no bolso, surpreendente quando recebe o comando.
79|Estatueta de poder maravilhoso|Pequena estatueta que vira a criatura da variante por duração limitada.|small bronze griffon figurine with coherent wings, four compact legs and eagle beak|A estatueta cabe na mão. A companhia que ela vira pode exigir muito mais espaço.
80|Língua flamejante|Arma que pode envolver-se em chamas e causar dano de fogo adicional.|straight steel longsword with coherent guard and restrained flame along blade|Língua flamejante. Um nome bonito para manter bem longe das cortinas.
81|Barco dobrável|Caixa que pode tornar-se barco ou navio e voltar à forma original.|small folded polished wooden box beside a coherent miniature rowboat silhouette|Barco dobrável. O tamanho do armário deixou de ser o maior problema da viagem.
82|Marca de gelo|Arma que causa dano frio adicional e protege do fogo.|steel longsword with cool pale blue blade and subtle frost edge|Marca de gelo. O fio merece respeito e o cabo merece uma mão bem firme.
83|Manoplas de força do ogro|A Força passa a 19 enquanto usadas, se não for maior.|pair of heavy leather and dark metal gauntlets with restrained ogre motifs|Manoplas do ogro. A força melhora; abrir um ovo ainda pede delicadeza.
84|Gema de brilho|Gema com cargas para emitir luz e efeitos ofuscantes.|elongated faceted golden yellow crystal with restrained internal light|Gema de brilho. Avisar os amigos antes de iluminar evita alguns palavrões.
85|Gema da visão|Gema com cargas que concede visão verdadeira temporária.|clear green faceted gem held in a small bronze eye-shaped mount|Gema da visão. Nem toda coisa revelada estava escondida por educação.
86|Matadora de gigantes|Arma +1 com dano adicional e efeito de queda contra gigantes.|sturdy steel greatsword with compact giant-knot motifs and continuous double handed grip|Matadora de gigantes. Tamanho do alvo não dispensa cuidado com os pés dele.
87|Couro batido glamouroso|Armadura +1 que pode assumir aparência ilusória de outras roupas.|fine dark studded leather torso armor with subtle iridescent fabric lining|Couro glamouroso. A aparência muda; lembrar a festa certa continua com você.
88|Luvas de apanhar projéteis|Permitem reduzir dano e apanhar projéteis com reação.|pair of supple brown leather gloves with silver arrow clasps|Luvas de apanhar projéteis. Treinar com pedras pequenas parece um começo sensato.
89|Luvas de nadar e escalar|Facilitam natação e escalada, com bônus nas condições descritas.|pair of muted blue leather gloves with textured palms and wave stitching|Luvas de nadar e escalar. Um bom apoio para quem escolhe caminhos pouco convencionais.
90|Luvas de ladinagem|Luvas invisíveis enquanto usadas, que auxiliam trabalhos manuais de ladrão.|pair of very thin gray leather gloves with fine subtle stitching|Luvas de ladinagem. Dedos discretos não obrigam a consciência a ficar quieta.
91|Óculos noturnos|Concedem ou ampliam visão no escuro.|night-vision goggles with dark green round lenses and leather strap|Óculos noturnos. A escuridão diminui, mas o medo precisa da sua colaboração.
92|Martelo dos trovões|Malho mágico com propriedades de gigante e trovão, sujeito aos requisitos próprios.|massive two handed steel maul with coherent straight shaft and subtle storm-cloud etchings|Martelo dos trovões. Uma tempestade merece espaço antes de começar.
93|Mochila prática|Mochila com compartimentos extradimensionais e retirada facilitada.|brown leather haversack with three clearly separate buckled pockets|A mochila prática encontra o item certo. Pena que não encontra a decisão certa também.
94|Chapéu do disfarce|Permite conjurar Disfarçar-se enquanto usado.|soft charcoal broad brim medieval hat with restrained silver buckle|Chapéu do disfarce. Para mudar de cara sem explicar ao barbeiro.
95|Chapéu de muitas magias|Chapéu arcano com poderes e magias próprios para quem atende seus requisitos.|deep blue wizard hat with restrained embroidered stars and bronze buckle|Chapéu de muitas magias. A cabeça continua sendo o lugar recomendado para usar.
96|Faixa do intelecto|A Inteligência passa a 19 enquanto usada, se não for maior.|fine silver headband with one clear blue gemstone|A faixa melhora o intelecto. Ter uma boa ideia continua sendo uma excelente surpresa.
97|Elmo de brilho|Elmo com gemas que alimentam poderes mágicos, luz e fogo.|complete steel helm set with carefully arranged red, yellow and clear gems|Elmo de brilho. As gemas merecem contagem antes e depois da aventura.
98|Elmo de compreender idiomas|Permite conjurar Compreender Idiomas enquanto usado.|bronze medieval helm with subtle script-like abstract engravings, no readable words|Compreender o idioma ajuda muito. Concordar com a conversa continua opcional.
99|Elmo da telepatia|Permite ler pensamentos e comunicar-se telepaticamente nas condições do SRD.|silver medieval helm with small violet crystal at brow|Elmo da telepatia. Guarde seus pensamentos educados perto da saída.
100|Elmo do teletransporte|Elmo com cargas para conjurar Teletransporte.|polished steel medieval helm with three small blue gems and geometric motifs|Elmo de teletransporte. Conhecer o destino é melhor que apenas gostar do nome.
101|Vingadora sagrada|Arma +3 com dano radiante extra contra ínferos e mortos-vivos; exige sintonia por paladino.|straight holy steel longsword with bronze sun guard and radiant restrained blade|Vingadora sagrada. Uma arma desse nome pede alguém disposto a honrá-lo.
102|Trombeta de destruição|Produz cone de dano de trovão, com risco de explosão do instrumento.|large curved bronze blasting horn with coherent flared opening and dark leather strap|Trombeta de destruição. O ensaio precisa acontecer longe das prateleiras.
103|Trombeta de Valhalla|Invoca guerreiros espirituais; variantes têm requisitos e efeitos próprios.|large curved engraved silver war horn with coherent hollow bore|A trombeta de Valhalla chama reforços. A recepção deve estar pronta antes da música.
104|Ferraduras de zéfiro|Conjunto de quatro ferraduras permite à montaria pairar sobre o chão.|four matching silver horseshoes with pale wind motifs|Ferraduras de zéfiro. O cavalo passa leve; a surpresa de quem olha pode ser pesada.
105|Ferraduras de velocidade|Conjunto de quatro ferraduras aumenta o deslocamento da montaria.|four matching sturdy dark steel horseshoes with bronze inlays|Ferraduras de velocidade. O cavalo chega antes, então ajuste também sua pontualidade.
106|Bastão imóvel|Trava sua posição no espaço até ser desativado ou exceder seus limites.|short dark steel immovable rod with a single brass button|Bastão imóvel. Escolha bem onde ele fica; carregar a pressa não ajuda.
107|Fortaleza instantânea|Cubo que se transforma em uma fortaleza de adamante.|small dark metal cube with miniature battlements engraved on its faces|Fortaleza instantânea. Confira o terreno antes de transformar o problema numa torre.
108|Pedra Ioun|Pedra orbitante que concede o benefício de sua variante.|small faceted dark blue rhomboid ioun gemstone, isolated no orbit trail|Pedra Ioun. O benefício acompanha a órbita; a elegância acompanha sua postura.
109|Bandas de ferro|Esfera com faixas que podem prender uma criatura.|compact dark iron sphere made from overlapping articulated metal bands|Bandas de ferro. A esfera parece comportada até receber a ordem.
110|Frasco de ferro|Recipiente que pode prender criaturas extraplanares e soltá-las sob condições próprias.|heavy closed iron flask with bronze stopper and faint geometric runes|Frasco de ferro. Ouvir um barulho lá dentro não é convite para abrir.
111|Azagaia do relâmpago|Azagaia +1 que pode produzir uma linha de relâmpago.|straight ashwood javelin with steel point and subtle gold lightning motifs|Azagaia do relâmpago. Avise os amigos que estão entre você e o alvo.
112|Lanterna da revelação|Luz revela criaturas e objetos invisíveis em sua área.|brass hooded lantern with amber light and clear glass panels|Lanterna da revelação. Às vezes o canto vazio só estava sendo discreto.
113|Lâmina da sorte|Arma +1 que oferece sorte e pode conter cargas de Desejo.|elegant straight steel longsword with green gem at pommel and bronze guard|Lâmina da sorte. Ter sorte não obriga você a testá-la a cada esquina.
114|Maça da destruição|Causa dano radiante adicional a ínferos e mortos-vivos, com efeitos próprios.|silver flanged mace with bronze sunburst pommel and coherent straight handle|Maça da destruição. O nome é direto; a intenção do portador também deveria ser.
115|Maça do esmagamento|Arma +1 com benefícios especiais contra constructos e objetos.|heavy dark steel flanged mace with reinforced straight haft|Maça do esmagamento. Móveis antigos não foram incluídos como demonstração.
116|Maça do terror|Arma com cargas que pode amedrontar criaturas próximas.|dark iron mace with restrained grimacing face motif, no gore|Maça do terror. Não precisa fazer cara feia junto; ela já cuida da apresentação.
117|Manto de resistência à magia|Concede vantagem em resistências contra magias.|deep purple mantle with restrained silver protective embroidery|Manto de resistência à magia. Uma boa proteção para conversas que começam com encantamentos.
118|Manual da saúde corporal|Estudo prolongado aumenta Constituição e seu máximo; recarga centenária.|thick brown leather health manual with bronze heart emblem and blank spine|Manual da saúde corporal. O resultado pede leitura, não apenas um lugar bonito na estante.
119|Manual do exercício proveitoso|Estudo prolongado aumenta Força e seu máximo; recarga centenária.|thick red leather exercise manual with embossed crossed gauntlets|Exercício proveitoso num livro. Continua exigindo tempo, então não pule as páginas.
120|Manual dos golens|Instruções e magia para fabricar o tipo de golem descrito.|heavy dark leather tome with geometric golem emblem and reinforced corners|Manual dos golens. Leia tudo antes de dar vida à parte que devia continuar na bancada.
121|Manual da rapidez de ação|Estudo prolongado aumenta Destreza e seu máximo; recarga centenária.|slim green leather manual with bronze wing emblem|Rapidez de ação exige estudo atento. Ler correndo não conta como progresso.
122|Pigmentos maravilhosos|Tinta capaz de transformar imagens pintadas em objetos sob limites próprios.|small wooden artists case with four magical pigment pots and fine brushes|Pigmentos maravilhosos. A habilidade do pincel merece o mesmo cuidado que a tinta.
123|Medalhão dos pensamentos|Medalhão com cargas para conjurar Detectar Pensamentos.|oval silver medallion with amethyst and delicate concentric circles|Medalhão dos pensamentos. A resposta que não foi dita talvez tivesse um bom motivo.
124|Espelho de aprisionar vidas|Espelho capaz de prender criaturas em celas extradimensionais.|complete tall dark framed standing mirror with restrained cloudy violet glass, no reflected person|Espelho de aprisionar vidas. Admirar-se por tempo demais ganhou um risco novo.
125|Armadura de mitral|Armadura leve e flexível; elimina requisitos de Força e certas penalidades.|fine silver mithral medieval breastplate with lightweight articulated forms|Mitral bem trabalhado. O brilho é bonito; a flexibilidade é o que o ferreiro mais respeita.
126|Baralho misterioso|Cartas produzem efeitos poderosos e imprevisíveis, permanentes em vários casos.|ornate closed fantasy tarot deck with abstract stars on card backs, no words|Baralho misterioso. Antes de puxar, pense se realmente precisa de mais surpresas hoje.
127|Colar da adaptação|Permite respirar e favorece resistências contra gases e vapores nocivos.|bronze necklace with small green crystal and delicate gill-like side ornaments|Colar da adaptação. Um pouco de ar bom muda bastante uma situação ruim.
128|Colar de bolas de fogo|Contas destacáveis podem lançar Bolas de Fogo.|necklace of several amber orange spherical beads on bronze chain|Colar de bolas de fogo. Não arranque uma conta só para mostrar que o fecho é bom.
129|Colar de contas de oração|Contas permitem conjurar magias definidas na composição do colar.|strand of distinct polished sacred prayer beads with bronze sun charm|Contas de oração. Saiba qual está escolhendo antes de pedir o milagre.
130|Ladrão de nove vidas|Arma +2 com cargas que podem matar em acerto crítico sob condições próprias.|dark steel longsword with nine small red gem insets along coherent guard|Nove vidas no nome. Contar as cargas com cuidado parece um hábito saudável.
131|Arco do juramento|Arco que favorece ataques contra um inimigo jurado, com restrições próprias.|coherent elven longbow with continuous taut string and subtle silver vow-knot carving|O arco do juramento leva a palavra a sério. Escolha o inimigo antes de fazer uma promessa.
132|Óleo da eterealidade|Aplicação concede Forma Etérea por duração limitada.|clear pale violet magical oil in glass flask with silver stopper|Óleo da eterealidade. Atravessar um obstáculo pode mudar sua ideia sobre portas.
133|Óleo de afiação|Reveste arma ou munição elegível, concedendo +3 a ataque e dano por uma hora.|silver shimmering magical oil in a sturdy small glass flask|Óleo de afiação. Passe no fio, não na conversa: essa não precisa de mais corte.
134|Óleo escorregadio|Protege de restrições e melhora passagem, ou cria uma área escorregadia.|dark amber magical oil in stoppered glass vial with subtle slick sheen|Óleo escorregadio. Limpe as mãos antes de segurar o frasco pela segunda vez.
135|Pérola do poder|Permite recuperar um espaço de magia até o terceiro nível uma vez por dia.|single luminous white pearl in a small bronze filigree mount|Pérola do poder. Um fôlego mágico extra é melhor quando você lembra onde a guardou.
136|Periapto da saúde|Concede imunidade à condição Envenenado.|small silver protective pendant with deep green agate|Periapto da saúde. Mesmo com ele, minha recomendação sobre cogumelos desconhecidos continua igual.
137|Periapto contra veneno|Concede imunidade a dano de veneno e à condição Envenenado.|small bronze poison-proof pendant with serpent knot and green stone|Periapto contra veneno. Uma proteção valiosa para quem tem inimigos com bons cozinheiros.
138|Periapto de fechar feridas|Estabiliza automaticamente e melhora recuperação por Dados de Vida.|red crystal teardrop pendant in silver protective cage|Periapto de fechar feridas. Torço para que passe muito tempo sem precisar mostrar serviço.
139|Filtro do amor|Poção que cria encantamento afetivo temporário nas condições do SRD.|rose pink potion in heart-shaped small glass vial with cork stopper|Filtro do amor. Leia as condições antes de criar uma história que precisará explicar.
140|Flautas do assombro|Instrumento com cargas capaz de amedrontar criaturas próximas.|set of dark carved wooden panpipes with restrained haunting silver accents|Flautas do assombro. O ensaio pode esvaziar a taverna antes do aplauso.
141|Flautas dos esgotos|Permitem interagir magicamente com ratos nas condições do SRD.|small muted green wooden panpipes tied with brown cord|Flautas dos esgotos. Uma plateia de ratos ainda é uma plateia bastante dedicada.
142|Armadura de placas da eterealidade|Pode conceder Forma Etérea temporariamente.|complete pale silver medieval plate suit with restrained violet etchings|Placas da eterealidade. A parede perde um pouco da autoridade quando você ativa a magia.
143|Buraco portátil|Tecido que se abre em espaço extradimensional; interação perigosa com outros recipientes mágicos.|folded black silk circular portable hole cloth with perfectly dark interior fold|Buraco portátil. Guarde longe da bolsa extradimensional; misturar os dois rende uma viagem indesejada.
144|Poção da amizade animal|Permite conjurar Amizade Animal por uma hora.|honey-colored potion in small glass vial with paw-shaped bronze charm|Amizade animal num frasco. Cenouras continuam sendo uma abordagem simpática.
145|Poção da clarividência|Concede o efeito de Clarividência.|pale blue clear potion in glass vial with small eye charm|Clarividência. Ver de longe é ótimo quando aproximar-se parecia uma péssima ideia.
146|Poção de escalada|Concede deslocamento de escalada e vantagem para escalar por uma hora.|brown red climbing potion bottle|Poção de escalada. O muro vira caminho, mas vale conferir o que está do outro lado.
147|Poção da diminuição|Produz o efeito de redução de Aumentar/Reduzir.|tiny ruby-red magical potion bottle with narrow glass neck|Poção da diminuição. O problema pode parecer maior; ao menos você ocupará menos espaço.
148|Poção de voo|Concede deslocamento de voo por uma hora.|blue flying potion bottle|Poção de voo. Escolha um lugar para pousar antes de a hora acabar.
149|Poção da forma gasosa|Concede o efeito de Forma Gasosa.|smoky gray liquid and vapor inside a sealed transparent potion bottle|Forma gasosa. Seu grupo talvez precise acostumar-se a conversar com uma nuvem.
150|Poção de força de gigante|A Força assume o valor da variante de gigante por uma hora, se não for maior.|large earthy amber potion in thick glass bottle with stone-like stopper|Força de gigante por uma hora. O relógio merece mais atenção do que o espelho.
151|Poção de crescimento|Produz o efeito de aumento de Aumentar/Reduzir.|red glowing growth potion bottle|Poção de crescimento. O teto da taverna continua sem intenção de subir junto.
152|Poções de cura|Recuperam PV conforme a graduação: cura, cura maior, superior ou suprema.|red healing potion in clear glass vial|Poção de cura. Prefiro vendê-la antes de ouvir a história da queda.
153|Poção de heroísmo|Concede PV temporários e o efeito de Bênção por uma hora.|golden heroism potion bottle|Heroísmo engarrafado. Uma dose ajuda; uma boa causa continua sendo sua escolha.
154|Poção da invisibilidade|Torna invisível por até uma hora; termina nas condições descritas.|clear nearly colorless invisibility potion in slender glass bottle with silver cap|Poção de invisibilidade. Não deixe o frasco vazio denunciando o esconderijo.
155|Poção da invulnerabilidade|Concede resistência a todos os danos por um minuto.|thick golden invulnerability potion in compact reinforced glass vial|Um minuto de invulnerabilidade passa depressa. Organize a coragem antes de beber.
156|Poção da longevidade|Reduz idade física, com risco acumulativo em usos posteriores.|pale pearl-colored longevity potion in elegant aged silver-capped vial|Longevidade numa poção. A experiência anterior de uso importa mais do que o rótulo bonito.
157|Poção da leitura mental|Concede o efeito de Detectar Pensamentos.|violet mind-reading potion in glass bottle with eye-shaped silver stopper|Leitura mental. Às vezes a notícia pior vem antes de alguém abrir a boca.
158|Poção de veneno|Parece uma poção benéfica, mas causa dano de veneno.|small crimson poison potion vial with dark wax stopper|Esta poção é de veneno. A cor agradável não participa da honestidade do conteúdo.
159|Poção de resistência|Concede resistência ao tipo de dano definido por uma hora.|pale blue resistance potion vial with faceted elemental crystal stopper|Poção de resistência. Confira qual elemento ela enfrenta antes de procurar a tempestade.
160|Poção de velocidade|Concede o efeito de Acelerar por um minuto.|bright amber speed potion in slender glass flask with bronze wing charm|Poção de velocidade. O mundo corre diferente quando você esquece de planejar a parada.
161|Poção de vitalidade|Remove exaustão e envenenamento; maximiza PV recebidos por Dados de Vida por 24 horas.|bright deep red vitality potion in thick clear glass bottle with gold cap|Poção de vitalidade. Um novo fôlego merece uma decisão melhor que a que gastou o anterior.
162|Poção de respirar na água|Permite respirar debaixo da água por uma hora.|clear turquoise water-breathing potion bottle with restrained shell charm|Respirar na água resolve uma parte da viagem. Os peixes ainda podem achar você estranho.
163|Bordão do acrobata|Bordão mágico com propriedades de equilíbrio, salto e combate.|straight continuous polished wooden quarterstaff with matching metal end caps and subtle flexible blue runes|Bordão do acrobata. A prática deve começar perto do chão.
164|Anel de influência animal|Anel com cargas para magias de influência e comunicação com animais.|bronze ring with small carved paw and amber gem|Anel de influência animal. Perguntar ao burro pode esclarecer mais que uma assembleia inteira.
165|Anel de convocar djinni|Pode convocar um djinni ligado ao anel.|golden ring with sky-blue gemstone and fine swirling wind engravings|Anel de convocar djinni. Prepare a recepção antes de preparar os pedidos.
166|Anel de comando elemental|Anel ligado a um dos quatro planos elementais, com vantagem contra elementais e poder de compeli-los.|silver ring with faceted blue elemental gem and coherent setting|Comando elemental no anel. Confira a qual plano ele está ligado antes de prometer domínio de uma tempestade.
167|Anel de evasão|Cargas permitem transformar falha em resistência de Destreza em sucesso.|slender silver ring with curved flowing feather motif|Anel de evasão. Uma segunda chance bem usada costuma parecer uma primeira escolha brilhante.
168|Anel de queda suave|Protege o portador de dano de queda com descida lenta.|silver ring with delicate white feather in a small clear stone setting|Queda suave. Ainda prefiro vender uma escada junto, se você aceitar prudência.
169|Anel de liberdade de ação|Protege contra restrições e reduz obstáculos ao movimento.|bronze ring engraved with an open chain link and clear gem|Liberdade de ação. Um anel que aprecia movimento mais do que desculpas.
170|Anel da invisibilidade|Permite ficar invisível sob as condições descritas.|gold invisibility ring|Anel da invisibilidade. É muito mais fácil cobrar antes da demonstração.
171|Anel do salto|Permite conjurar Salto em si mesmo.|simple bronze ring with tiny green leaping motif|Anel do salto. Faça a primeira tentativa sem o lustre acima da cabeça.
172|Anel de proteção mental|Protege pensamentos e oferece propriedades especiais ligadas à alma.|dark silver ring with opaque violet gemstone in secure bezel|Proteção mental. Algumas perguntas já ficam melhores quando continuam sem resposta.
173|Anel de proteção|Concede +1 à CA e às resistências.|silver protection ring|Anel de proteção. Pequeno no dedo, valioso quando o dado decide discordar.
174|Anel da regeneração|Recupera PV periodicamente e pode restaurar partes do corpo nas condições do SRD.|gold regeneration ring with green gem|Anel da regeneração. Tenha paciência; o corpo faz o trabalho no tempo indicado.
175|Anel de resistência|Concede resistência ao tipo de dano definido.|silver ring set with a faceted elemental-colored gemstone|Anel de resistência. A pedra ajuda contra um perigo; perguntar qual é ajuda contra o resto.
176|Anel de estrelas cadentes|Poderes de luz e relâmpago, com cargas e condições de uso próprias.|dark silver ring with three tiny golden star gemstones|Estrelas cadentes no anel. O céu fica longe, mas o aviso aos amigos deve ficar perto.
177|Anel de armazenar magias|Armazena até cinco níveis de magias lançadas nele.|gold ring with five small clear crystal insets|Anel de armazenar magias. Cinco níveis parecem muito até chegar uma ideia muito ambiciosa.
178|Anel de refletir magias|Auxilia resistências contra certas magias e pode devolvê-las em resultado especial.|polished silver ring with tiny mirror-like crystal|Refletir magias. A surpresa do conjurador pode valer o silêncio antes do efeito.
179|Anel de natação|Concede deslocamento de natação de doze metros.|bronze ring with blue wave motif and small pearl|Anel de natação. O rio continua correndo para onde sempre correu.
180|Anel da telecinese|Permite conjurar Telecinese com limitações próprias para objetos.|silver ring with suspended violet gem held by coherent prongs|Telecinese para objetos. Escolha a caneca antes de escolher a mesa inteira.
181|Anel do carneiro|Anel com cargas que causa dano de força e pode empurrar o alvo.|heavy bronze ram-head ring with two symmetrical curved horns|Anel do carneiro. A cabeçada chega sem você precisar abaixar a testa.
182|Anel dos três desejos|Possui três cargas de Desejo; perde a magia quando acabam.|gold ring with three large clear diamond settings|Três desejos. A quarta ideia merece outro plano e uma boa conversa com o mestre.
183|Anel do calor|Resistência ao frio e proteção contra temperaturas baixas.|copper ring with warm amber gem and delicate flame motifs|Anel do calor. Um conforto pequeno que faz grande diferença na neve.
184|Anel de andar na água|Permite andar sobre líquidos como se fossem chão sólido.|silver ring with pale blue wave-shaped gemstone|Andar na água é impressionante. Lembre que a margem ainda é um ótimo lugar para descansar.
185|Anel da visão de raio X|Permite enxergar através de materiais com limites de profundidade e uso.|dark silver ring with translucent green eye-shaped stone|Raio X no anel. A parede perde o segredo, mas nem sempre perde o obstáculo.
186|Robe dos olhos|Concede percepção e sentidos especiais, com vulnerabilidades à luz intensa.|dark purple robe with tasteful small embroidered eye motifs|Robe dos olhos. Ter muitos olhos merece atenção redobrada às luzes fortes.
187|Robe das cores cintilantes|Robe com cargas que produz cores capazes de prejudicar inimigos próximos.|folded deep indigo robe with restrained iridescent woven panels|Cores cintilantes. Uma escolha excelente quando passar despercebido deixou de ser o plano.
188|Robe das estrelas|Robe com proteção, estrelas mágicas e acesso ao Plano Astral.|dark blue robe with six clearly visible embroidered golden stars|Robe das estrelas. Conte os enfeites antes de transformá-los em magia.
189|Robe dos arquimagos|Proteção e aprimoramento de conjuração para usuários e alinhamentos elegíveis.|ivory archmage robe with restrained bronze arcane embroidery and dark lining|Robe dos arquimagos. A roupa pede um currículo à altura.
190|Robe dos itens úteis|Patches destacáveis se transformam nos objetos representados.|plain brown robe with small embroidered patches depicting rope, lamp and ladder|Robe dos itens úteis. Uma costura pode ser justamente a ferramenta que faltou.
191|Bastão da absorção|Absorve determinadas magias e conserva energia para conjuração, até seu limite.|short dark wooden absorption rod with silver rings and a blue crystal cap|Bastão da absorção. Guardar magia exige contar o que entrou e o que ainda cabe.
192|Bastão da vigilância|Benefícios de percepção, detecção e proteção, conforme seus poderes.|short bronze alertness rod with clear amber eye-like gem at end|Bastão da vigilância. Uma boa escolha para quem percebe tarde demais que a sala mudou.
193|Bastão do poder senhorial|Arma mágica transformável com botões e poderes próprios.|heavy dark metal rod with six distinct brass buttons and coherent grip|Poder senhorial em seis botões. Aperte um de cada vez até conhecer a ferramenta.
194|Bastão da ressurreição|Bastão com cargas para Cura Completa e Ressurreição, com requisitos próprios.|ivory and bronze resurrection rod with sun-shaped crystal head|Bastão da ressurreição. Um retorno desses merece cuidado e um bom abraço depois.
195|Bastão do governo|Pode encantar criaturas próximas para aceitarem sua liderança temporariamente.|ornate bronze rulership sceptre with red gemstone and simple crown motif|Bastão do governo. Comandar bem continua sendo diferente de apenas ser ouvido.
196|Bastão da segurança|Transporta o grupo a um refúgio extradimensional por tempo limitado.|short silver safety rod with a clear green gem held by interlocking arches|Um refúgio no bastão. Combine a hora da volta antes de aproveitar o descanso.
197|Corda de escalada|Corda animada sob comando; pode prender-se e formar nós.|coiled fine hemp climbing rope with a subtly upright tip, no scenery|Corda de escalada. Ela faz nós, mas você ainda precisa conferir a âncora.
198|Corda de enredar|Pode restringir um alvo sob comando e tem regras próprias de escape.|coiled dark braided entangling rope with coherent continuous strands|Corda de enredar. Guarde com cuidado para não inaugurar o efeito na própria mochila.
199|Escaravelho de proteção|Proteção contra magia e cargas contra necromancia e poderes de mortos-vivos.|small gold scarab brooch with dark green gem and coherent beetle legs|Escaravelho de proteção. Uma joia pequena com motivos grandes para ficar perto do peito.
200|Cimitarra da velocidade|Cimitarra +2 que permite ataque adicional como ação bônus.|curved steel scimitar with coherent bronze guard and slender red leather grip|Cimitarra da velocidade. O ritmo melhora, desde que você ainda controle o braço.
201|Pedras de mensagem|Par de pedras que permite Mensagem uma vez por dia, entre seus portadores.|pair of matching smooth gray oval sending stones engraved with small abstract faces|Duas pedras de mensagem. Combine quem fica com qual antes da despedida.
202|Escudo sentinela|Concede vantagem em iniciativa e Percepção enquanto empunhado.|round aged steel shield engraved with one watchful eye and bronze rim|Escudo sentinela. Ele ajuda a perceber; agir depois do aviso continua importante.
203|Escudo mágico|Escudo com bônus adicional de +1, +2 ou +3 à CA.|round steel shield with restrained luminous blue edge engraving|Escudo mágico. A proteção extra chega sem tornar a guarda menos necessária.
204|Escudo da atração de projéteis|Escudo amaldiçoado que oferece resistência e atrai ataques à distância.|dark steel kite shield with arrows engraved converging on central boss|Atração de projéteis. O nome já explica por que os amigos mantêm certa distância.
205|Escudo do cavaleiro|Escudo mágico com proteção especial para montaria e cavaleiro.|steel kite shield with elegant bronze horse silhouette emblem|Escudo do cavaleiro. O companheiro que carrega você também merece voltar inteiro.
206|Sandálias de escalar como aranha|Concedem escalada em paredes e tetos com limitações próprias.|spider climbing leather slippers|Sandálias de aranha. Olhar para cima deixou de ser suficiente para encontrar o companheiro.
207|Cola soberana|Adesivo extremamente forte e permanente; remoção exige meios específicos.|small sealed amber glue jar with ivory applicator and thick amber drop|Cola soberana. Tenha certeza do encaixe antes de apresentar uma decisão permanente.
208|Escudo contra magias|Protege de magias e dificulta ataques mágicos contra o portador.|silver steel kite shield with subtle blue protective concentric runes|Escudo contra magias. Um bom argumento quando o adversário gosta de gesticular.
209|Pergaminho de magia|Registra uma magia; nível define raridade, CD e bônus de ataque.|complete rolled parchment spell scroll with restrained violet wax seal and abstract glyph-like marks, no readable words|Pergaminho de magia. A leitura vem antes da surpresa, sempre que possível.
210|Esfera da aniquilação|Esfera que destrói o que toca, sob regras específicas de controle e resistência.|perfectly black small annihilation sphere with very faint violet rim, no background glow or floor|Esfera da aniquilação. Uma demonstração perto do estoque seria meu último erro comercial.
211|Cajado do encantamento|Cajado com cargas para magias de influência e proteção própria.|tall coherent wooden staff with violet crystal and subtle silver spiral fittings|Cajado do encantamento. Pedir com jeito ainda funciona quando as cargas descansam.
212|Cajado do fogo|Concede resistência ao fogo e magias alimentadas por cargas.|continuous dark wooden fire staff with amber crystal head and restrained flame motif|Cajado do fogo. Minha lareira não precisa de uma demonstração adicional.
213|Cajado do gelo|Concede resistência ao frio e magias alimentadas por cargas.|continuous silver and pale wooden frost staff with blue crystal head|Cajado do gelo. As bebidas já estão frias, então vamos preservar as paredes.
214|Cajado da cura|Cajado com cargas para magias de cura e restauração.|continuous polished ashwood healing staff with bronze sun crown and white crystal|Cajado da cura. Uma boa companhia para grupos que chamam toda porta de desafio.
215|Cajado do poder|Cajado +2 com proteção, magias, cargas e ataque retributivo.|continuous tall dark wood power staff with secure crystal crown and silver rings|Cajado do poder. Leia sobre a explosão antes de imaginar uma despedida dramática.
216|Cajado do ataque|Cajado +3 que pode gastar cargas para causar dano de força adicional.|straight heavy wooden striking staff with matching dark metal end caps|Cajado do ataque. A madeira parece simples até a magia participar da conversa.
217|Cajado dos enxames de insetos|Cargas para magias e efeitos de insetos.|continuous gnarled wooden insect staff with small amber beetle carving at top|Cajado dos enxames. O convite chega para muitos convidados pequenos ao mesmo tempo.
218|Cajado dos magos|Cajado +2 com amplos poderes mágicos, absorção e cargas.|ornate tall staff of magi with crystal crown|Cajado dos magos. Uma biblioteca de problemas e soluções no mesmo cabo.
219|Cajado da píton|Cajado que pode virar uma serpente gigante sob comando.|continuous carved wooden python staff with a subtly snake-shaped head|Cajado da píton. Tenha espaço pronto para a parte da conversa que começa a rastejar.
220|Cajado dos bosques|Cajado +2 com magias naturais e transformação em árvore.|tall continuous gnarled druidic woodlands staff with a few natural green leaves|Cajado dos bosques. A floresta reconhece o gesto; o jardim precisa de espaço.
221|Cajado do trovão e relâmpago|Cajado +2 com poderes próprios de trovão e eletricidade.|straight dark metal and wood staff with small blue crystal and bronze lightning engravings|Trovão e relâmpago num cajado. Combinar o aviso antes de ativar parece uma gentileza.
222|Cajado do definhamento|Cajado que causa dano necrótico adicional e pode debilitar o alvo.|continuous aged dark wood staff with restrained gray bone-like tip|Cajado do definhamento. O aspecto cansado não é um defeito da madeira.
223|Pedra de controlar elementais da terra|Pode conjurar um elemental da terra.|palm-sized rough brown stone with carved geometric earth rune|Uma pedra que chama a terra. O chão merece ser escolhido com cuidado.
224|Pedra da boa sorte|Concede +1 a testes de habilidade e resistências enquanto carregada.|small smooth green luckstone with carved spiral and bronze loop|Pedra da boa sorte. Carregue perto e continue fazendo escolhas razoáveis.
225|Lâmina solar|Espada +2 com lâmina de luz radiante e propriedades próprias.|coherent bronze sword hilt emitting one straight contained golden radiant blade|Lâmina solar. Um brilho que merece respeito antes de admiração.
226|Espada de roubar vidas|Acertos críticos podem causar dano necrótico extra e conceder PV temporários.|straight dark steel longsword with restrained crimson groove and secure grip|Espada de roubar vidas. O brilho vermelho merece mais prudência que curiosidade.
227|Espada da afiação|Arma cortante com dano e poderes especiais em acertos críticos.|finely sharpened straight steel longsword with clean edge and restrained silver fittings|Espada da afiação. Não verifique o fio com o polegar, por favor.
228|Espada do ferimento|Causa +2d6 de dano necrótico e pode impedir recuperar PV por até uma hora (resistência CD 15).|straight dark steel longsword with small red crystal at pommel and continuous blade|Espada do ferimento. Limpar a lâmina depois é uma parte séria do cuidado.
229|Talismã do bem puro|Talismã sagrado com benefícios e poderes para portadores elegíveis.|golden sunburst talisman with clear white gem on fine chain|Talismã do bem puro. O comportamento do portador importa mais que o brilho.
230|Talismã da esfera|Melhora o controle da Esfera da Aniquilação.|dark bronze circular talisman with black central sphere motif|Talismã da esfera. Controle melhor é uma boa notícia perto de algo que apaga o resto.
231|Talismã do mal supremo|Talismã profano com benefícios e poderes para portadores elegíveis.|dark iron jagged talisman with deep red gem on black chain|Talismã do mal supremo. É uma declaração bastante direta para usar no pescoço.
232|Clava trovejante|Define Força em 20 se menor, causa dano de trovão adicional e tem poderes de impacto.|massive continuous dark oak greatclub with steel bands and restrained blue lightning carvings|Clava trovejante. O chão da loja não precisa conhecer o terremoto de perto.
233|Tomo do pensamento claro|Estudo prolongado aumenta Inteligência e seu máximo; recarga centenária.|blue leather tome with clear crystal emblem and bronze corner clasps|Pensamento claro num tomo. Reserve tempo para ler, e mais um pouco para pensar.
234|Tomo da liderança e influência|Estudo prolongado aumenta Carisma e seu máximo; recarga centenária.|burgundy leather tome with bronze crown emblem and plain spine|Liderança começa pela atenção. O tomo ajuda mais aberto do que debaixo do braço.
235|Tomo da compreensão|Estudo prolongado aumenta Sabedoria e seu máximo; recarga centenária.|green leather tome with bronze owl emblem and restrained corner fittings|Tomo da compreensão. Às vezes a melhor resposta aparece depois de uma pausa.
236|Tridente de comandar peixes|Cargas permitem comandar bestas aquáticas nas condições do SRD.|three pronged silver trident with continuous straight shaft and blue wave motifs|Tridente de comandar peixes. As ordens precisam chegar antes da vontade de jantar.
237|Solvente universal|Dissolve Cola Soberana e outros adesivos conforme o SRD.|small clear solvent vial with silver stopper beside a tiny amber drop|Solvente universal. O frasco que você gostaria de ter comprado antes da cola.
238|Arma cruel|Causa +2d6 de dano do mesmo tipo da arma em cada acerto contra criatura.|brutal but coherent dark steel longsword with restrained jagged etched motif, intact functional blade|Arma cruel. O nome fala bastante; o portador deveria pensar no resto.
239|Espada vorpal|Espada +3 com poder de decapitação em resultado crítico, sujeita a exceções.|elegant blackened steel longsword with a clean sharpened blade and subtle red gem|Espada vorpal. Uma palavra pequena para um efeito que merece a leitura completa.
240|Varinha de imobilização|Varinha com cargas para magias de paralisia elegíveis.|slender dark wooden binding wand with silver linked-knot cap|Varinha de imobilização. Parar a discussão não precisa significar ganhar a discussão.
241|Varinha de detectar inimigos|Detecta a direção de criaturas hostis nas condições do SRD.|slender bronze and dark wood wand with small amber arrow-like tip|Detectar inimigos. Útil em festas onde os sorrisos trabalham demais.
242|Varinha do medo|Varinha com cargas para magias e efeitos de medo.|slender black wooden fear wand with tiny violet crystal cap|Varinha do medo. A saída deve estar desimpedida antes da demonstração.
243|Varinha de bolas de fogo|Varinha com cargas para conjurar Bola de Fogo.|slender continuous wooden wand with ruby tip and restrained ember carvings|Bolas de fogo numa varinha. O balcão já sabe o suficiente sobre queimaduras.
244|Varinha de relâmpagos|Varinha com cargas para conjurar Relâmpago.|slender continuous silver and ashwood wand with blue crystal lightning-shaped tip|Varinha de relâmpagos. Quem ficou na linha entre você e o alvo merece um aviso.
245|Varinha de detectar magia|Varinha com cargas para conjurar Detectar Magia.|slender polished wooden wand with clear blue glass bead tip|Detectar magia. Comece pelo objeto suspeito, depois pela história de quem o vendeu.
246|Varinha de mísseis mágicos|Varinha com cargas para conjurar Mísseis Mágicos.|slender continuous dark wooden wand with three small blue crystal insets|Mísseis mágicos. Contar as cargas é bem mais barato que contar os danos no estoque.
247|Varinha de paralisia|Pode paralisar uma criatura após falha em resistência.|slender straight dark bronze wand with purple crystal tip|Varinha de paralisia. Escolha o alvo antes de escolher uma frase triunfal.
248|Varinha de metamorfose|Varinha com cargas para conjurar Metamorfose.|slender gnarled wood wand with small green gem and restrained leaf carving|Metamorfose. Combine uma palavra de reconhecimento antes de transformar o amigo.
249|Varinha dos segredos|Detecta armadilhas e portas secretas próximas.|slender pale wooden wand with a small bronze key-shaped ornament|Varinha dos segredos. Algumas paredes adoram parecer mais simples do que são.
250|Varinha do mago de guerra|Bônus de +1, +2 ou +3 em ataques mágicos e benefício contra cobertura parcial.|slender dark polished war-mage wand with clear crystal tip and fine silver rings|Varinha do mago de guerra. A pontaria mágica também aprecia uma boa ferramenta.
251|Varinha da teia|Varinha com cargas para conjurar Teia.|slender dark wood wand with small silver web-shaped cap|Varinha da teia. Uma solução para prender o problema, desde que lembre onde colocou a armadilha.
252|Varinha das maravilhas|Produz efeitos aleatórios da tabela própria.|slender colorful fantasy wand with twisted but continuous wood shaft and multicolored crystal tip|Varinha das maravilhas. A próxima surpresa não aceitou trabalhar com hora marcada.
253|Arma mágica|Bônus de +1, +2 ou +3 nas jogadas de ataque e dano.|finely crafted coherent steel longsword with subtle blue magical etching, continuous grip and blade|Arma mágica. O bônus ajuda, mas uma boa posição ainda é um excelente aliado.
254|Arma da vigilância|Favorece iniciativa e impede surpresa nas condições descritas.|finely crafted steel longsword with small amber eye-like pommel gem|Arma da vigilância. Um aviso a tempo vale muito mais que um susto bem explicado.
255|Poço de muitos mundos|Tecido que abre uma ligação para outro plano, em destino escolhido pelo mestre.|folded black silk cloth with restrained blue-violet portal shimmer inside one circular opening|Poço de muitos mundos. O caminho começa fácil; o endereço merece cuidado.
256|Leque do vento|Permite conjurar Lufada de Vento, com risco em usos repetidos.|complete medieval folding fan with wooden ribs and painted pale blue wind motifs|Leque do vento. Refresca a conversa e pode levar o chapéu de quem está perto.
257|Botas aladas|Permitem voo por tempo limitado e recarga própria.|pair of brown leather winged boots with small coherent silver feather wings at ankles|Botas aladas. O tempo de voo merece a mesma atenção que a vista bonita.
258|Asas do voo|Capa que pode transformar-se em asas para conceder voo.|dark feather-edged folded flying cloak with two coherent folded wing shapes, no person|Asas do voo. A capa muda, mas o melhor lugar para pousar continua sendo uma boa escolha.
