alchemists-supplies|Suprimentos de alquimista|Alchemist’s Supplies|50|8|93|Ferramentas de alquimia; identificar substâncias ou iniciar fogo, CD 15.|alchemist kit of retorts, small glass bottles and scales in fitted leather case|glass|Se borbulhar sozinho, feche a tampa. O kit de alquimia não precisa de plateia.
brewers-supplies|Suprimentos de cervejeiro|Brewer’s Supplies|20|9|93|Detectar bebida envenenada, CD 15; identificar álcool, CD 10.|small brewing kit with wooden tankard, copper funnel, stirring paddle and sample bottles|wood|O cervejeiro mede ingredientes. Beber todas as amostras prejudica a precisão.
calligraphers-supplies|Suprimentos de calígrafo|Calligrapher’s Supplies|10|5|93|Escrever com floreios que dificultam falsificação, CD 15.|calligraphy kit with quills, ink pots and parchment in open wooden box|paper|A pena não melhora a ideia, mas pode deixá-la muito bem escrita.
carpenters-tools|Ferramentas de carpinteiro|Carpenter’s Tools|8|6|93|Selar ou abrir à força uma porta ou recipiente, CD 20.|carpenters wooden tool tray with saw, hand plane, hammer and square|wood|Madeira, serrote e paciência. A última parte fica por sua conta.
cartographers-tools|Ferramentas de cartógrafo|Cartographer’s Tools|15|6|93|Desenhar mapa de uma área pequena, CD 15.|cartography kit with compass dividers, ruler, ink and rolled maps|paper|O mapa pode marcar o tesouro. Primeiro precisa marcar onde você está.
cobblers-tools|Ferramentas de sapateiro|Cobbler’s Tools|5|5|93|Modificar calçado para o próximo teste de Acrobacia, CD 10.|cobblers leather tool roll with wooden shoe last, awl and curved knife|leather|Estas ferramentas consertam botas. O cheiro continua sendo assunto seu.
cooks-utensils|Utensílios de cozinheiro|Cook’s Utensils|1|8|93|Melhorar sabor, CD 10; detectar comida estragada ou envenenada, CD 15.|travel cooks kit with small iron pan, ladle, knife and wooden spoon|metal|A panela suporta a fogueira. Não posso prometer o mesmo dos seus convidados.
glassblowers-tools|Ferramentas de vidreiro|Glassblower’s Tools|30|5|93|Descobrir o conteúdo anterior de um vidro nas últimas 24 horas, CD 15.|glassblower kit with long blowpipe, shaping shears and small glass sample|glass|Vidro exige mãos firmes. Espirrar durante o trabalho raramente ajuda.
jewelers-tools|Ferramentas de joalheiro|Jeweler’s Tools|25|2|93|Avaliar o valor de uma gema, CD 15.|jeweler small open case with fine pliers, files, tweezers and loupe|metal|Com uma lupa dessas até a falsificação começa a suar.
leatherworkers-tools|Ferramentas de coureiro|Leatherworker’s Tools|5|5|93|Adicionar desenho a couro, CD 10.|leatherworking tool roll with stitching awl, needle, mallet and hide scraps|leather|A costura bem feita aguenta a viagem. O couro não precisa ganhar cicatriz junto com você.
masons-tools|Ferramentas de pedreiro|Mason’s Tools|10|8|93|Cinzelar símbolo ou abertura na pedra, CD 10.|stonemason chisels, steel hammer and square in rough canvas roll|metal|Estas ferramentas convencem a pedra aos poucos. Discursos costumam falhar.
painters-supplies|Suprimentos de pintor|Painter’s Supplies|10|5|93|Pintar uma imagem reconhecível de algo que viu, CD 10.|artists wooden paint box with brushes, pigment pots and a small palette|wood|As tintas são boas. Se o retrato ficar feio, não culpe o frasco.
potters-tools|Ferramentas de oleiro|Potter’s Tools|10|3|93|Descobrir o conteúdo anterior de cerâmica nas últimas 24 horas, CD 15.|pottery shaping tools, clay scraper and small unglazed bowl in canvas roll|wood|Barro tem muita paciência. Aproveite antes de colocar a peça no forno.
smiths-tools|Ferramentas de ferreiro|Smith’s Tools|20|8|93|Abrir à força porta ou recipiente, CD 20.|blacksmith hammer, tongs and metal files on open leather tool roll|metal|O ferreiro trabalha perto do fogo. As luvas não foram inventadas por acaso.
tinkers-tools|Ferramentas de funileiro|Tinker’s Tools|50|10|94|Montar objeto Minúsculo de sucata que dura 1 minuto, CD 20.|tinker fitted wooden chest with gears, fine hammer, pliers and hand drill|metal|O funileiro chama isso de sucata útil. Minha esposa chama de bagunça.
weavers-tools|Ferramentas de tecelão|Weaver’s Tools|1|5|94|Remendar rasgo ou costurar desenho Minúsculo, CD 10.|small weaving kit with wooden shuttle, spindle, needles and yarn|cloth|Uma linha no lugar certo salva uma capa. Uma linha na sopa já é outro assunto.
woodcarvers-tools|Ferramentas de entalhador|Woodcarver’s Tools|1|5|94|Entalhar padrão na madeira, CD 10.|woodcarver chisels, carving knife and wooden mallet in simple roll|wood|Entalhe devagar. Madeira removida não aceita pedido de desculpas.
disguise-kit|Kit de disfarce|Disguise Kit|25|3|94|Aplicar maquiagem, CD 10; inclui materiais para alterar aparência.|disguise kit with makeup tins, wigs, brushes and false moustache in leather box|leather|O bigode engana bem. Sua mania de gritar o próprio nome pode atrapalhar.
forgery-kit|Kit de falsificação|Forgery Kit|15|5|94|Imitar até dez palavras de caligrafia, CD 15; copiar selo de cera, CD 20.|forgery kit with seals, wax, inks, pen nibs and document scraps|paper|A cera aceita qualquer selo. O guarda pode ser um pouco mais exigente.
gaming-dice|Conjunto de dados|Dice Gaming Set|0.1|0|94|Jogo de dados; perceber trapaça, CD 10; vencer partida, CD 20.|small set of medieval bone gaming dice in drawstring pouch|wood|Dados de jogo. Reclamar do resultado é uma tradição que não cobro.
dragonchess-set|Conjunto de xadrez de dragão|Dragonchess Gaming Set|1|0|94|Jogo de xadrez de dragão; perceber trapaça, CD 10; vencer partida, CD 20.|ornate fantasy dragonchess board with distinct carved miniature pieces|wood|No xadrez de dragão, pense antes de mover. Quem ruge mais alto ainda pode perder.
playing-card-set|Conjunto de cartas de jogar|Playing Cards Gaming Set|0.5|0|94|Baralho de jogo; perceber trapaça, CD 10; vencer partida, CD 20.|small worn medieval illustrated playing-card deck, no legible text|paper|Baralho limpo, sem carta extra na manga. Essa parte eu não vendo.
three-dragon-ante-set|Conjunto de aposta dos três dragões|Three-Dragon Ante Gaming Set|1|0|94|Jogo de três dragões; perceber trapaça, CD 10; vencer partida, CD 20.|fan of medieval playing cards with three different dragon illustrations, no words|paper|Três dragões numa mesa. Ainda assim, o perigo maior costuma ser o seu amigo sorrindo.
herbalism-kit|Kit de herbalismo|Herbalism Kit|5|3|94|Identificar planta, CD 10; ferramenta para antitoxina e poção de cura.|herbalist leather kit with dried herbs, pestle, mortar and small vials|leather|Antes de provar uma folha, consulte o kit. Melhor ainda: consulte alguém que sabe usá-lo.
bagpipes|Gaita de foles|Bagpipes|30|6|94|Instrumento musical; tocar música conhecida, CD 10; improvisar, CD 15.|medieval bagpipes with leather bag and connected wooden drones and chanter|leather|A gaita de foles projeta bem o som. Os vizinhos terão uma opinião sobre seu treino.
drum|Tambor|Drum|6|3|94|Instrumento musical; tocar música conhecida, CD 10; improvisar, CD 15.|small medieval rope tension drum with wooden shell, leather skin and two sticks|wood|O tambor mantém o ritmo. O resto do grupo precisa aceitar qual ritmo é esse.
dulcimer|Dulcimer|Dulcimer|25|10|94|Instrumento musical; tocar música conhecida, CD 10; improvisar, CD 15.|medieval trapezoid hammered dulcimer with continuous metal strings and two small hammers|wood|Dulcimer afinado. Guardar os martelinhos junto dele poupa uma busca constrangedora.
flute|Flauta|Flute|2|1|94|Instrumento musical; tocar música conhecida, CD 10; improvisar, CD 15.|simple medieval wooden transverse flute with clean aligned finger holes|wood|A flauta é leve. A primeira nota pode assustar mais do que o peso sugere.
horn|Trompa|Horn|3|2|94|Instrumento musical; tocar música conhecida, CD 10; improvisar, CD 15.|curved natural brass horn with coherent hollow bore and mouthpiece|metal|A trompa alcança o acampamento inteiro. Pense nisso antes da madrugada.
lute|Alaúde|Lute|35|2|94|Instrumento musical; tocar música conhecida, CD 10; improvisar, CD 15.|medieval lute with rounded ribbed body, strings connected bridge to pegbox|wood|Alaúde de boa madeira. A balada sobre você ainda precisa ser escrita.
lyre|Lira|Lyre|30|2|94|Instrumento musical; tocar música conhecida, CD 10; improvisar, CD 15.|small wooden lyre with seven continuous strings connected to frame and bridge|wood|A lira cabe no colo. A plateia não precisa caber na taverna inteira para valer a pena.
pan-flute|Flauta de pã|Pan Flute|12|2|94|Instrumento musical; tocar música conhecida, CD 10; improvisar, CD 15.|pan flute made of graduated connected reed pipes tied with brown cord|wood|A flauta de pã tem vários tubos. Não precisa assoprar todos de uma vez.
shawm|Charamela|Shawm|2|1|94|Instrumento musical; tocar música conhecida, CD 10; improvisar, CD 15.|medieval wooden shawm reed instrument with finger holes and flared bell|wood|Charamela de som forte. Uma boa escolha para anunciar que o bardo chegou.
viol|Viola de arco|Viol|30|1|94|Instrumento musical; tocar música conhecida, CD 10; improvisar, CD 15.|medieval viol with coherent strings, bridge and tuning pegs, separate wooden bow|wood|A viola pede arco e calma. Se soar como uma porta rangendo, continue praticando.
navigators-tools|Ferramentas de navegador|Navigator’s Tools|25|2|94|Traçar curso, CD 10; descobrir posição pelas estrelas, CD 15.|brass astrolabe, dividers and navigational charts in leather case|metal|As estrelas não mudam de lugar para agradar o viajante. Confira bem os instrumentos.
poisoners-kit|Kit de venenos|Poisoner’s Kit|50|2|94|Detectar objeto envenenado, CD 10; ferramenta para veneno básico.|dark poisoners case with labelled-free stoppered vials, pipette and fine gloves|glass|O kit de venenos não vai ao lado dos temperos. Há etiquetas por um motivo.
thieves-tools|Ferramentas de ladrão|Thieves’ Tools|25|1|94|Abrir fechadura ou desarmar armadilha, CD 15.|fine lockpick set with tension wrench in slim leather fold|metal|Ferramentas de ladrão. Aqui chamamos de manutenção de portas sem chave.
arrows-20|Flechas (20)|Arrows|1|1|96|Vinte flechas; aljava vendida separadamente.|bundle of twenty aligned wooden arrows with steel points and feather fletching|wood|Vinte flechas. Voltar com todas costuma significar uma viagem bem tranquila.
bolts-20|Virotes (20)|Bolts|1|1.5|96|Vinte virotes; estojo vendido separadamente.|bundle of twenty short crossbow bolts with steel points and fletching|wood|Virotes para besta. Flecha comprida não vira virote porque você insistiu.
firearm-bullets-10|Balas de arma de fogo (10)|Firearm Bullets|3|2|96|Dez balas de arma de fogo; bolsa vendida separadamente.|ten dull lead round musket balls in shallow leather pouch|metal|Dez balas de chumbo. A pólvora merece mais respeito que a sua pressa.
sling-bullets-20|Balas de funda (20)|Sling Bullets|0.04|1.5|96|Vinte balas de funda; bolsa vendida separadamente.|twenty small oval sling stones in a simple fabric pouch|spheres|Pedras para funda, selecionadas. As que você achou na rua podem ter opiniões diferentes.
blowgun-needles-50|Agulhas de zarabatana (50)|Needles|1|1|96|Cinquenta agulhas de zarabatana; bolsa vendida separadamente.|bundle of fine straight metal blowgun needles with small feather tails|metal|Cinquenta agulhas. Não guarde junto do lenço se pretende continuar usando o nariz.
arcane-focus-crystal|Foco arcano: cristal|Crystal Arcane Focus|10|1|96|Cristal preparado para canalizar magia de feiticeiro, bruxo ou mago.|faceted translucent quartz arcane focus with simple bronze mount|glass|Cristal de foco. Se brilhar, talvez seja magia; se estiver quente, solte devagar.
arcane-focus-orb|Foco arcano: orbe|Orb Arcane Focus|20|3|96|Orbe preparado para canalizar magia de feiticeiro, bruxo ou mago.|small smoky blue glass arcane orb in simple three-leg brass holder|glass|Orbe arcano. Não é bola de adivinhação, apesar das perguntas que fazem a ele.
arcane-focus-rod|Foco arcano: bastão|Rod Arcane Focus|10|2|96|Bastão preparado para canalizar magia de feiticeiro, bruxo ou mago.|short carved wooden arcane rod with small crystal end|wood|Bastão de foco. O gesto elegante é opcional; segurar a ponta certa ajuda.
arcane-focus-staff|Foco arcano: cajado|Staff Arcane Focus|5|4|96|Cajado arcano; também pode ser usado como bordão.|straight tall carved wooden arcane staff with restrained spiral tip|wood|Cajado arcano e apoio de caminhada. Duas utilidades, nenhuma desculpa para chegar atrasado.
arcane-focus-wand|Foco arcano: varinha|Wand Arcane Focus|10|1|96|Varinha preparada para canalizar magia de feiticeiro, bruxo ou mago.|slender carved wooden arcane wand with simple small crystal tip|wood|A varinha não escolhe o seu feitiço. Essa responsabilidade continua sua.
barrel|Barril|Barrel|2|70|96|Comporta 40 galões de líquido ou quatro pés cúbicos de material seco.|sturdy closed oak barrel with dark iron hoops, no floor|wood|Barril vazio. O silêncio lá dentro é parte importante da oferta.
block-and-tackle|Roldanas e cordame|Block and Tackle|1|5|96|Permite içar até quatro vezes o peso que normalmente consegue levantar.|two wooden pulley blocks with correctly threaded continuous hemp rope|wood|Roldanas poupam os braços. Verifique a corda antes de confiar o baú a elas.
burglars-pack|Pacote de assaltante|Burglar’s Pack|16|42|96|Mochila, esferas, sino, dez velas, pé de cabra, lanterna coberta, sete óleos, cinco rações, corda, caixa de fogo e odre.|packed leather burglar backpack with crowbar, lantern, cord and small bundled supplies|leather|O pacote de assaltante vem organizado. Escolher uma porta discreta continua por sua conta.
crossbow-bolt-case|Estojo de virotes|Case, Crossbow Bolt|1|1|96|Comporta até vinte virotes.|long narrow leather crossbow-bolt case with flap and shoulder strap|leather|Estojo de virotes. O barulho diminui quando os guarda todos na mesma direção.
map-scroll-case|Estojo de mapas e pergaminhos|Case, Map or Scroll|1|1|96|Comporta dez folhas de papel ou cinco de pergaminho.|cylindrical leather scroll case with cap and simple strap|leather|Estojo seco, mapa inteiro. É melhor que tentar ler uma sopa de tinta.
fine-clothes|Roupas finas|Fine Clothes|15|6|97|Traje de tecidos caros e detalhes bem trabalhados.|folded medieval velvet doublet and fine cream shirt with subtle embroidered cuffs|cloth|Roupas finas ajudam na recepção. Tire a lama das botas antes de estragar a impressão.
travelers-clothes|Roupas de viajante|Traveler’s Clothes|2|4|97|Traje resistente para viagens em diversos ambientes.|folded rugged medieval linen shirt, wool trousers and leather belt|cloth|Roupa de viajante aguenta estrada. Ainda precisa de lavagem entre uma estrada e outra.
costume|Fantasia|Costume|5|4|97|Vantagem em testes para personificar a pessoa ou tipo representado pelo traje.|folded medieval theatrical costume with half mask and colorful cloth, no human|cloth|A fantasia sugere outro nome. Tente lembrar qual foi antes de o guarda perguntar.
diplomats-pack|Pacote de diplomata|Diplomat’s Pack|39|39|97|Baú, roupas finas, tinta, cinco penas, lamparina, dois estojos, quatro óleos, cinco papéis, cinco pergaminhos, perfume e caixa de fogo.|small open travel chest neatly packed with writing supplies, fine clothes and perfume|wood|O diplomata leva papel e perfume. A resposta difícil raramente cabe num frasco.
druidic-focus-mistletoe|Foco druídico: visco|Sprig of Mistletoe|1|0|97|Ramo de visco preparado como foco de druida ou patrulheiro.|small tied green mistletoe sprig with white berries and natural twine|cloth|Visco para foco druídico. Não foi colhido do enfeite de uma festa, eu prometo.
druidic-focus-staff|Foco druídico: cajado|Wooden Staff Druidic Focus|5|4|97|Cajado druídico; também pode ser usado como bordão.|naturally gnarled wooden druidic walking staff with tied dried leaves|wood|O cajado conserva os nós da árvore. Cada curva veio da madeira, não de uma queda.
druidic-focus-yew-wand|Foco druídico: varinha de teixo|Yew Wand|10|1|97|Varinha de teixo preparada como foco de druida ou patrulheiro.|simple polished yew twig wand with natural grain and a fine linen tie|wood|Teixo bem escolhido. A floresta aprova o gesto; a árvore não respondeu à pesquisa.
dungeoneers-pack|Pacote de explorador de masmorras|Dungeoneer’s Pack|12|55|97|Mochila, estrepes, pé de cabra, dois óleos, dez rações, corda, caixa de fogo, dez tochas e odre.|rugged packed dungeoneer backpack with torches, crowbar and rope|leather|Pacote para masmorra. Se esquecer a volta, pelo menos levou luz para pensar nisso.
entertainers-pack|Pacote de artista|Entertainer’s Pack|40|58.5|97|Mochila, saco de dormir, sino, lanterna furta-fogo, três fantasias, espelho, oito óleos, nove rações, caixa de fogo e odre.|packed entertainer leather backpack with theatrical masks, lantern, mirror and colorful clothes|leather|Três fantasias no pacote de artista. Uma carreira inteira ainda precisa de público.
explorers-pack|Pacote de explorador|Explorer’s Pack|10|55|97|Mochila, saco de dormir, dois óleos, dez rações, corda, caixa de fogo, dez tochas e odre.|packed exploration backpack with bedroll, torches, waterskin and hemp rope|leather|O pacote do explorador cobre o básico. A curiosidade já veio com você.
flask|Frasco|Flask|0.02|1|97|Comporta uma pinta de líquido.|small flat medieval pewter flask with securely threaded cap|metal|Frasco vazio e tampa firme. Espero que o conteúdo mereça os dois cuidados.
holy-symbol-amulet|Símbolo sagrado: amuleto|Amulet Holy Symbol|5|1|97|Símbolo sagrado usado no pescoço ou segurado como foco divino.|simple brass sunburst holy-symbol pendant on leather cord|metal|O amuleto lembra sua fé. Eu lembro que cordão rompido precisa de conserto.
holy-symbol-emblem|Símbolo sagrado: emblema|Emblem Holy Symbol|5|0|97|Símbolo sagrado levado em tecido ou escudo como foco divino.|small embroidered silver holy-symbol fabric emblem, abstract sun shape|cloth|Um emblema para tecido ou escudo. Fixe bem; convicção não substitui costura.
holy-symbol-reliquary|Símbolo sagrado: relicário|Reliquary Holy Symbol|5|2|97|Relicário segurado como foco divino.|small closed bronze reliquary with simple sacred geometric motif|metal|O relicário guarda algo importante. Não precisa abrir para cada curioso da estrada.
holy-water|Água benta|Holy Water|25|1|97|Frasco arremessável; 2d8 de dano radiante contra ínfero ou morto-vivo após falha em resistência.|clear holy water in stoppered glass vial with silver sun charm|liquid|Água benta lacrada. Para beber água comum, recomendo o odre mais barato.
ink|Tinta|Ink|10|0|98|Frasco de uma onça; suficiente para aproximadamente quinhentas páginas.|small dark ink bottle with wax stopper and subtle blue ink stain|liquid|Tinta para quinhentas páginas. Uma explicação curta continua sendo permitida.
ink-pen|Pena de escrita|Ink Pen|0.02|0|98|Pena usada com tinta para escrever ou desenhar.|single ivory goose quill with neatly cut writing nib|paper|Uma pena sem tinta ainda parece elegante. Assinar o contrato assim dá mais trabalho.
jug|Jarro|Jug|0.02|4|98|Comporta um galão de líquido.|earth glazed ceramic jug with one coherent handle and open spout|glass|Jarro resistente, alça inteira. Não foi testado como arma pela equipe.
ladder|Escada|Ladder|0.1|25|98|Escada com três metros de altura.|straight wooden ten-foot ladder with evenly spaced firmly joined rungs|wood|Escada de três metros. Confira o chão antes de admirar a vista.
lamp|Lamparina|Lamp|0.5|1|98|Usa óleo; luz plena a 4,5 m e penumbra por mais 9 m.|small brass oil lamp with reservoir, visible wick and one simple handle|metal|A lamparina precisa de óleo. Promessas de luz não abastecem o reservatório.
bullseye-lantern|Lanterna furta-fogo|Lantern, Bullseye|10|2|98|Usa óleo; cone de luz plena de 18 m e penumbra por mais 18 m.|medieval directional bullseye lantern with brass body and one round glass lens|metal|Esta lanterna concentra a luz adiante. É muito útil para evitar o degrau errado.
magnifying-glass|Lupa|Magnifying Glass|100|0|98|Vantagem ao avaliar ou inspecionar detalhes muito finos.|clear round magnifying lens in bronze rim with short wooden handle|glass|A lupa amplia o detalhe. Não amplia o desconto, embora já tenham tentado.
map|Mapa|Map|1|0|98|Mapa preciso concede +5 em Sobrevivência para encontrar caminho na área representada.|rolled and partly open parchment fantasy regional map without legible names|paper|Mapa sem café derramado. Faça o possível para manter essa vantagem.
mirror|Espelho|Mirror|5|0.5|98|Espelho de aço de mão, útil para observar cantos e sinalizar.|small polished steel hand mirror with oval frame and plain handle|metal|Espelho de aço. Devolve a mesma cara, mesmo quando você está convencido de outra história.
net|Rede|Net|1|3|98|Arremesso até 4,5 m; restringe após falha em resistência; escape CD 10.|compact folded hemp casting net with small perimeter weights and coherent knot mesh|cloth|Rede bem amarrada. A primeira pessoa a se enroscar deve ser o alvo.
paper|Papel|Paper|0.2|0|99|Uma folha; comporta aproximadamente 250 palavras manuscritas.|one clean slightly curled handmade cream paper sheet|paper|Uma folha de papel. Cabe uma carta bonita ou uma péssima desculpa.
parchment|Pergaminho em branco|Parchment|0.1|0|99|Uma folha; comporta aproximadamente 250 palavras manuscritas.|one blank unrolled cream vellum parchment sheet with natural edge|paper|Pergaminho em branco. Raro encontrar algo que ainda não tenha uma opinião escrita.
perfume|Perfume|Perfume|5|0|99|Frasco de quatro onças; efeito social por uma hora nas condições descritas no SRD.|small amber perfume vial with ornate bronze stopper, no text|liquid|Perfume delicado. Uma gota costuma conversar melhor do que o frasco inteiro.
basic-poison|Veneno básico|Poison, Basic|100|0|99|Reveste uma arma ou três munições; +1d4 veneno no primeiro dano, por até um minuto.|small sealed dark green poison vial with simple wax stopper|liquid|Veneno básico. Guarde separado da antitoxina; a diferença importa muito.
pole|Vara|Pole|0.05|7|99|Vara com três metros; permite tocar à distância e apoiar saltos.|plain continuous ten-foot wooden pole with no weapon point|wood|Vara de três metros. Para tocar o suspeito chão antes de colocar o pé nele.
iron-pot|Panela de ferro|Pot, Iron|2|10|99|Comporta um galão.|round cast iron cooking pot with two small loop handles, no fire|metal|Panela de ferro. Já sobreviveu a receitas piores do que as suas, espero.
pouch|Bolsa|Pouch|0.5|1|99|Comporta seis libras em um quinto de pé cúbico.|plain brown leather belt pouch with drawstring and flap|leather|Bolsa vazia, fundo inteiro. A parte do ouro deve aparecer depois.
priests-pack|Pacote de sacerdote|Priest’s Pack|33|29|99|Mochila, cobertor, água benta, lamparina, sete rações, veste e caixa de fogo.|packed priest backpack with robe, brass lamp, blanket and holy-water vial|leather|Pacote de sacerdote: fé para a jornada, cobertor para a noite fria.
quiver|Aljava|Quiver|1|1|99|Comporta vinte flechas.|brown leather cylindrical quiver with plain strap, empty opening visible|leather|A aljava guarda flechas. Não inclui as vinte só porque parece cheia na sua imaginação.
portable-ram|Aríete portátil|Ram, Portable|4|35|99|+4 no teste de Força para arrombar porta; ajuda de outra pessoa concede vantagem.|short heavy oak portable battering ram with iron end caps and two strong carrying handles|wood|Aríete portátil. O dono da porta talvez prefira uma batida educada primeiro.
robe|Veste|Robe|1|4|99|Traje de importância vocacional ou cerimonial.|folded simple medieval charcoal ceremonial robe with modest trim|cloth|Uma veste limpa muda a apresentação. Ainda não substitui uma boa saudação.
hempen-rope-50-feet|Corda|Rope|1|5|99|Corda de quinze metros; nós CD 10; romper CD 20.|coiled hemp rope|cloth|Corda firme. Amarre antes de descer, nunca durante a queda.
sack|Saco|Sack|0.01|0.5|99|Comporta trinta libras em um pé cúbico.|simple empty coarse linen sack with tied loose mouth|cloth|Saco de pano, muito útil. Se começar a se mexer, verifique o conteúdo.
scholars-pack|Pacote de estudioso|Scholar’s Pack|40|22|99|Mochila, livro, tinta, pena, lamparina, dez óleos, dez pergaminhos e caixa de fogo.|packed scholar satchel with book, quill, lamp and rolled blank parchments|paper|O estudioso leva tudo para escrever. Ler o caminho também pode ser útil.
signal-whistle|Apito de sinalização|Signal Whistle|0.05|0|100|Apito audível a uma distância de 180 metros.|small plain brass signal whistle with mouth opening and cord loop|metal|O apito alcança longe. Combine o sinal para não convocar o grupo para o almoço errado.
spell-scroll-level-1|Pergaminho de magia: nível 1|Spell Scroll (Level 1)|50|0|100|Pergaminho de magia de nível 1; magia escolhida pelo mestre conforme as regras de pergaminhos.|rolled enchanted parchment with blue wax seal and abstract faint magical strokes, no words|paper|Um feitiço num pergaminho. Confira qual é antes de usá-lo na porta da taverna.
iron-spikes-10|Pitões de ferro (10)|Spikes, Iron|1|5|100|Dez pitões; podem travar portas ou servir de âncora para corda.|bundle of ten sturdy iron spikes with blunt hammer heads|metal|Dez pitões de ferro. Os dedos agradecem se acertar o martelo na cabeça certa.
spyglass|Luneta|Spyglass|1000|1|100|Amplia objetos distantes em duas vezes.|brass telescoping spyglass with connected concentric tubes and clear end lens|glass|A luneta mostra o que está longe. Quem precisa aproximar-se continua sendo você.
string|Barbante|String|0.1|0|100|Barbante com três metros de comprimento.|small hank of thin natural linen string|cloth|Barbante de três metros. Não confunda com a corda quando encontrar um precipício.
vial|Ampola|Vial|1|0|100|Comporta quatro onças.|small empty transparent glass vial with cork stopper|glass|Ampola vazia, nenhuma poção escondida. Aqui o mistério não vem como brinde.
carriage|Carruagem|Carriage|100|600|100|Veículo de tração; animais e arreios não incluídos.|complete medieval wooden enclosed horse carriage with four coherent wheels and empty shafts, no animal|wood|Carruagem confortável. O cavalo ainda precisa concordar em puxar o conforto.
cart|Carroça pequena|Cart|15|200|100|Veículo de tração; animais e arreios não incluídos.|small medieval two-wheeled wooden cart with axle and two empty towing shafts|wood|Carroça pequena. Parece humilde até salvar sua coluna de carregar o saque.
chariot|Biga|Chariot|250|100|100|Veículo de tração; animais e arreios não incluídos.|ancient fantasy two-wheeled war chariot with coherent platform, axle and empty draw pole|wood|Uma biga dá presença à chegada. Aprender a frear melhora muito a despedida.
animal-feed|Ração animal: um dia|Feed per Day|0.05|10|100|Dez libras de alimento animal para um dia.|small coarse feed sack with visible hay and grain, no animals|cloth|Ração de um dia. Sua montaria controla a contabilidade melhor que você imagina.
saddle-exotic|Sela exótica|Exotic Saddle|60|40|100|Sela necessária para montaria aquática ou voadora; inclui arreios básicos.|fantasy exotic riding saddle with broad articulated leather harness and secure straps|leather|Sela exótica: para quem escolheu uma montaria que não se limita às estradas.
saddle-military|Sela militar|Military Saddle|20|30|100|Vantagem em testes para permanecer montado; inclui arreios básicos.|medieval military leather saddle with high secure pommel and cantle, coherent girth straps|leather|A sela militar dá apoio. Mesmo ela prefere que você não durma durante a carga.
saddle-riding|Sela de montaria|Riding Saddle|10|25|100|Sela de montaria com arreios básicos.|plain medieval leather riding saddle with coherent stirrups and girth straps|leather|Sela de montaria bem ajustada. O cavalo agradece mais do que uma pintura bonita.
sled|Trenó|Sled|20|300|100|Veículo de tração; animais não incluídos.|medieval wooden cargo sled with two continuous curved runners and flat bed|wood|Trenó pronto para neve. Na pedra seca, o entusiasmo acaba depressa.
wagon|Carroção|Wagon|35|400|100|Veículo de tração; animais não incluídos.|medieval four-wheeled wooden cargo wagon with coherent axles and empty draw pole|wood|Carroção para carga. Meu aprendiz quer medir o saque antes de oferecer ajuda.
airship|Dirigível|Airship|40000|0|101|Velocidade 12,8 km/h; dez tripulantes, vinte passageiros, uma tonelada de carga; CA 13 e 300 PV.|complete fantasy medieval airship with one large fabric balloon and suspended wooden gondola, rigging coherent, isolated scale illustration|cloth|Um dirigível muda a vista da viagem. A corda de atracação não deve mudar junto.
galley|Galé|Galley|30000|0|101|Velocidade 6,4 km/h; oitenta tripulantes; 150 toneladas de carga; CA 15, 500 PV e limiar de dano 20.|complete medieval galley ship with two banks of coherent oars, single mast and sail, no sea|wood|A galé precisa de oitenta tripulantes. Conversar sozinho com os remos não substitui isso.
keelboat|Barco de quilha|Keelboat|3000|0|101|Velocidade 1,6 km/h; um tripulante, seis passageiros, meia tonelada de carga; CA 15, 100 PV, limiar 10.|complete small medieval keelboat with coherent wooden hull, single mast and folded sail, no sea|wood|Barco de quilha para rio ou lago. O mapa deve concordar que existe água no destino.
longship|Drácar|Longship|10000|0|101|Velocidade 4,8 km/h; quarenta tripulantes, 150 passageiros, dez toneladas de carga; CA 15, 300 PV, limiar 15.|complete medieval longship with coherent clinker hull, one square sail and rows of oars, no water|wood|Drácar de casco comprido. Leve remadores que concordem sobre qual lado é a frente.
rowboat|Barco a remo|Rowboat|50|100|101|Velocidade 2,4 km/h; um tripulante, três passageiros; CA 11 e 50 PV.|small complete wooden rowboat with two coherent oars resting inside and visible bench seats|wood|Barco a remo. O braço é seu, mas ao menos não precisa negociar com o vento.
sailing-ship|Navio à vela|Sailing Ship|10000|0|101|Velocidade 3,2 km/h; vinte tripulantes e vinte passageiros; cem toneladas de carga; CA 15, 300 PV, limiar 15.|complete medieval sailing ship with coherent wooden hull and rigged fabric sails, isolated no sea|wood|Navio à vela. Vento favorável continua sendo a parte da compra que não consigo embrulhar.
warship|Navio de guerra|Warship|25000|0|101|Velocidade 4 km/h; sessenta tripulantes e sessenta passageiros; duzentas toneladas de carga; CA 15, 500 PV, limiar 20.|complete medieval warship with robust wooden hull, coherent masts and rigged sails, no water or cannons|wood|Um navio de guerra exige uma boa tripulação. Gritar “avante” da doca não conta.
